id,language,book_id,localized_book_name,chapter_num,verse_num,verse_text
,en-US,19,Psalms,119,0,א
,en-US,19,Psalms,119,0,ב
,en-US,19,Psalms,119,0,ג
,en-US,19,Psalms,119,0,ד
,en-US,19,Psalms,119,0,ה
,en-US,19,Psalms,119,0,ו
,en-US,19,Psalms,119,0,ז
,en-US,19,Psalms,119,0,ח
,en-US,19,Psalms,119,0,ט
,en-US,19,Psalms,119,0,י
,en-US,19,Psalms,119,0,כ
,en-US,19,Psalms,119,0,ל
,en-US,19,Psalms,119,0,מ
,en-US,19,Psalms,119,0,נ
,en-US,19,Psalms,119,0,ס
,en-US,19,Psalms,119,0,ע
,en-US,19,Psalms,119,0,פ
,en-US,19,Psalms,119,0,צ
,en-US,19,Psalms,119,0,ק
,en-US,19,Psalms,119,0,ר
,en-US,19,Psalms,119,0,ש
,en-US,19,Psalms,119,0,ת